r2,rmse,n_valid
-0.2595127655829832,43.91143797138036,20202
