{
  "rmse": 41.10989167292192,
  "mae": 20.87133026123047,
  "r2": -0.10392582416534424,
  "n_samples": 20202
}