feature,importance
X,0.34984982
week,0.34851447
Y,0.3016358
year,0.0
